<application>
  <component name="FileTypeManager" version="18">
    <extensionMap>
      <mapping pattern=".gitkeep" type="PLAIN_TEXT" />
      <mapping ext=".tabnine.model" type="Tabnine project model file" />
      <mapping ext=".tabnine" type="Tabnine project model file" />
      <mapping ext=".model" type="Tabnine project model file" />
      <mapping ext="tabnine" type="Tabnine project model file" />
      <mapping ext="model" type="Tabnine project model file" />
    </extensionMap>
  </component>
</application>