<application>
  <component name="ProjectManager">
    <defaultProject>
      <component name="AutoImportSettings">
        <option name="autoReloadType" value="SELECTIVE" />
      </component>
      <component name="JavaScriptLibraryMappings">
        <includedPredefinedLibrary name="Node.js Core" />
      </component>
      <component name="ProjectDictionaryState">
        <dictionary name="lailizhuo" />
      </component>
      <component name="ProjectInspectionProfilesVisibleTreeState">
        <entry key="Project Default">
          <profile-state>
            <expanded-state>
              <State />
              <State>
                <id>校对</id>
              </State>
            </expanded-state>
            <selected-state>
              <State>
                <id>校对</id>
              </State>
            </selected-state>
          </profile-state>
        </entry>
      </component>
      <component name="ProjectViewState">
        <option name="hideEmptyMiddlePackages" value="true" />
        <option name="showLibraryContents" value="true" />
      </component>
      <component name="PropertiesComponent">
        <property name="javascript.nodejs.core.library.configured.version" value="14.17.3" />
        <property name="javascript.nodejs.core.library.typings.version" value="14.17.3" />
        <property name="nodejs_interpreter_path" value="node" />
        <property name="nodejs_package_manager_path" value="yarn" />
        <property name="settings.editor.selected.configurable" value="proofread" />
      </component>
    </defaultProject>
  </component>
</application>