<application>
  <component name="AppStorage">
    <histories>
      <item value="videotape" />
      <item value="form Inline" />
      <item value="编辑" />
      <item value="视频封面" />
      <item value="TS2307: Cannot find module '@viewsloginindex' or its corresponding type declarations." />
      <item value="When your routing table is too long, you can split it into small modules" />
    </histories>
    <option name="languageScores">
      <map>
        <entry key="CHINESE" value="4" />
        <entry key="ENGLISH" value="5" />
      </map>
    </option>
  </component>
  <component name="Cache">
    <option name="lastTrimTime" value="1635159803765" />
  </component>
</application>